timestamp,action_type,from_email,subject,category,action,confirmation_required,draft_created,email_sent,user_confirmed,calendar_event_created
2026-05-11T19:28:39.553Z,proactive_rejected,,EMAIL-URG-001,urgent,reply,TRUE,TRUE,FALSE,no_or_timeout,FALSE
2026-05-11T19:29:41.040Z,proactive_approved,,EMAIL-URG-001,urgent,reply,TRUE,FALSE,TRUE,yes,FALSE
2026-05-11T19:31:40.007Z,proactive_approved,,EMAIL-URG-002,urgent,reply,TRUE,FALSE,TRUE,yes,FALSE
2026-05-11T19:33:37.672Z,proactive_rejected,,EMAIL-URG-003,urgent,reply,TRUE,TRUE,FALSE,no_or_timeout,FALSE
2026-05-11T19:35:37.921Z,proactive_rejected,,EMAIL-URG-004,urgent,reply,TRUE,TRUE,FALSE,no_or_timeout,FALSE
2026-05-11T19:37:37.566Z,proactive_rejected,,EMAIL-URG-005,urgent,reply,TRUE,TRUE,FALSE,no_or_timeout,FALSE
2026-05-11T19:39:37.733Z,proactive_approved,,EMAIL-URG-006,urgent,reply,TRUE,FALSE,TRUE,yes,FALSE
2026-05-11T19:41:37.888Z,proactive_rejected,,EMAIL-URG-007,urgent,reply,TRUE,TRUE,FALSE,no_or_timeout,FALSE
2026-05-11T19:43:38.455Z,proactive_rejected,,EMAIL-URG-008,urgent,draft,TRUE,TRUE,FALSE,no_or_timeout,FALSE
2026-05-11T19:45:38.177Z,proactive_rejected,,EMAIL-URG-009,urgent,reply,TRUE,TRUE,FALSE,no_or_timeout,FALSE
2026-05-11T19:47:39.568Z,proactive_rejected,,EMAIL-URG-010,urgent,reply,TRUE,TRUE,FALSE,no_or_timeout,FALSE
2026-05-11T19:49:40.651Z,proactive_approved,,EMAIL-URG-011,urgent,reply,TRUE,FALSE,TRUE,yes,FALSE
2026-05-11T19:51:40.332Z,proactive_approved,,EMAIL-URG-012,urgent,reply,TRUE,FALSE,TRUE,yes,FALSE
2026-05-11T19:53:39.551Z,proactive_rejected,,EMAIL-URG-013,urgent,reply,TRUE,TRUE,FALSE,no_or_timeout,FALSE
2026-05-11T19:55:39.231Z,proactive_approved,,EMAIL-URG-014,urgent,reply,TRUE,FALSE,TRUE,yes,FALSE
2026-05-11T19:57:42.012Z,proactive_approved,,EMAIL-URG-015,urgent,draft,TRUE,FALSE,TRUE,yes,FALSE
2026-05-11T19:59:40.984Z,proactive_approved,,EMAIL-URG-016,urgent,reply,TRUE,FALSE,TRUE,yes,FALSE
2026-05-11T20:01:38.809Z,proactive_rejected,,EMAIL-URG-017,urgent,reply,TRUE,TRUE,FALSE,no_or_timeout,FALSE
2026-05-11T20:03:37.880Z,proactive_rejected,,EMAIL-URG-018,urgent,reply,TRUE,TRUE,FALSE,no_or_timeout,FALSE
2026-05-11T20:05:37.731Z,proactive_rejected,,EMAIL-URG-019,urgent,reply,TRUE,TRUE,FALSE,no_or_timeout,FALSE
2026-05-11T20:07:42.025Z,proactive_rejected,,EMAIL-URG-020,urgent,reply,TRUE,TRUE,FALSE,no_or_timeout,FALSE
2026-05-11T20:09:36.629Z,proactive_rejected,,EMAIL-URG-021,urgent,reply,TRUE,TRUE,FALSE,no_or_timeout,FALSE
2026-05-11T20:11:38.674Z,proactive_approved,,EMAIL-URG-022,urgent,reply,TRUE,FALSE,TRUE,yes,FALSE
2026-05-11T20:13:39.612Z,proactive_approved,,EMAIL-URG-023,urgent,reply,TRUE,FALSE,TRUE,yes,FALSE
2026-05-11T20:15:37.274Z,proactive_approved,,EMAIL-URG-024,urgent,reply,TRUE,FALSE,TRUE,yes,FALSE
2026-05-11T20:17:41.469Z,proactive_rejected,,EMAIL-URG-025,urgent,reply,TRUE,TRUE,FALSE,no_or_timeout,FALSE
2026-05-11T20:19:42.643Z,proactive_rejected,,EMAIL-URG-026,urgent,draft,TRUE,TRUE,FALSE,no_or_timeout,FALSE
2026-05-11T20:21:39.687Z,proactive_approved,,EMAIL-URG-027,urgent,reply,TRUE,FALSE,TRUE,yes,FALSE
2026-05-11T20:23:40.556Z,proactive_approved,,EMAIL-URG-028,urgent,reply,TRUE,FALSE,TRUE,yes,FALSE
2026-05-11T20:25:39.151Z,proactive,,EMAIL-URG-029,urgent,ignore,TRUE,FALSE,FALSE,n/a,FALSE
2026-05-11T20:27:54.387Z,proactive_rejected,,EMAIL-URG-030,urgent,draft,TRUE,TRUE,FALSE,no_or_timeout,FALSE
2026-05-11T20:29:42.193Z,proactive_rejected,,EMAIL-URG-031,urgent,reply,TRUE,TRUE,FALSE,no_or_timeout,FALSE
2026-05-11T20:31:37.334Z,proactive_rejected,,EMAIL-URG-032,urgent,reply,TRUE,TRUE,FALSE,no_or_timeout,FALSE
2026-05-11T20:33:39.895Z,proactive_rejected,,EMAIL-URG-033,urgent,reply,TRUE,TRUE,FALSE,no_or_timeout,FALSE
2026-05-11T20:35:37.566Z,proactive_rejected,,EMAIL-URG-034,urgent,reply,TRUE,TRUE,FALSE,no_or_timeout,FALSE
2026-05-11T20:37:47.237Z,proactive_approved,,EMAIL-URG-035,urgent,reply,TRUE,FALSE,TRUE,yes,FALSE
2026-05-11T20:39:39.179Z,proactive_rejected,,EMAIL-URG-036,urgent,reply,TRUE,TRUE,FALSE,no_or_timeout,FALSE
2026-05-11T20:41:37.771Z,proactive_rejected,,EMAIL-URG-037,urgent,reply,TRUE,TRUE,FALSE,no_or_timeout,FALSE
2026-05-11T20:43:43.141Z,proactive_conflict,,EMAIL-URG-038,urgent,reply,TRUE,TRUE,FALSE,yes_but_conflict,FALSE
2026-05-11T20:45:44.353Z,proactive_approved,,EMAIL-URG-039,urgent,reply,TRUE,FALSE,TRUE,yes,FALSE
2026-05-11T20:47:37.805Z,proactive_rejected,,EMAIL-URG-040,urgent,reply,TRUE,TRUE,FALSE,no_or_timeout,FALSE
2026-05-11T20:50:37.171Z,proactive_approved,,EMAIL-URG-041,urgent,reply,TRUE,FALSE,TRUE,yes,FALSE
2026-05-11T20:51:40.045Z,proactive_approved,,EMAIL-URG-042,urgent,reply,TRUE,FALSE,TRUE,yes,FALSE
2026-05-11T20:53:39.520Z,proactive_rejected,,EMAIL-URG-043,urgent,reply,TRUE,TRUE,FALSE,no_or_timeout,FALSE
2026-05-11T20:56:37.968Z,proactive_approved,,EMAIL-URG-044,urgent,reply,TRUE,FALSE,TRUE,yes,FALSE
2026-05-11T20:58:37.762Z,proactive_approved,,EMAIL-URG-045,urgent,reply,TRUE,FALSE,TRUE,yes,FALSE
2026-05-11T21:00:38.271Z,proactive_rejected,,EMAIL-URG-046,urgent,reply,TRUE,TRUE,FALSE,no_or_timeout,FALSE
2026-05-11T21:02:36.736Z,proactive_rejected,,EMAIL-URG-047,urgent,reply,TRUE,TRUE,FALSE,no_or_timeout,FALSE
2026-05-11T21:04:41.012Z,proactive_rejected,,EMAIL-URG-048,urgent,reply,TRUE,TRUE,FALSE,no_or_timeout,FALSE
2026-05-11T21:06:39.031Z,proactive_approved,,EMAIL-URG-049,urgent,reply,TRUE,FALSE,TRUE,yes,FALSE
2026-05-11T21:08:39.498Z,proactive_rejected,,EMAIL-URG-050,urgent,reply,TRUE,TRUE,FALSE,no_or_timeout,FALSE
2026-05-11T21:10:39.237Z,proactive_approved,,EMAIL-NRM-001,normal,draft,TRUE,FALSE,TRUE,yes,FALSE
2026-05-11T21:12:37.550Z,proactive_approved,,EMAIL-NRM-002,normal,reply,TRUE,FALSE,TRUE,yes,FALSE
2026-05-11T21:14:39.490Z,proactive_rejected,,EMAIL-NRM-003,normal,reply,TRUE,TRUE,FALSE,no_or_timeout,FALSE
2026-05-11T21:16:43.033Z,proactive_approved,,EMAIL-NRM-004,normal,draft,TRUE,FALSE,TRUE,yes,FALSE
2026-05-11T21:18:40.164Z,proactive_rejected,,EMAIL-NRM-005,normal,reply,TRUE,TRUE,FALSE,no_or_timeout,FALSE
2026-05-11T21:20:48.445Z,proactive_rejected,,EMAIL-NRM-006,normal,reply,TRUE,TRUE,FALSE,no_or_timeout,FALSE
2026-05-11T21:22:39.939Z,proactive_approved,,EMAIL-NRM-007,normal,reply,TRUE,FALSE,TRUE,yes,FALSE
2026-05-11T21:24:40.857Z,proactive_approved,,EMAIL-NRM-008,normal,reply,TRUE,FALSE,TRUE,yes,FALSE
2026-05-11T21:26:37.465Z,proactive_rejected,,EMAIL-NRM-009,normal,reply,TRUE,TRUE,FALSE,no_or_timeout,FALSE
2026-05-11T21:28:37.183Z,proactive_rejected,,EMAIL-NRM-010,normal,reply,TRUE,TRUE,FALSE,no_or_timeout,FALSE
2026-05-11T21:30:38.660Z,proactive_rejected,,EMAIL-NRM-011,normal,reply,TRUE,TRUE,FALSE,no_or_timeout,FALSE
2026-05-11T21:32:40.638Z,proactive_approved,,EMAIL-NRM-012,normal,reply,TRUE,FALSE,TRUE,yes,FALSE
2026-05-11T21:34:38.164Z,proactive_approved,,EMAIL-NRM-013,normal,reply,TRUE,FALSE,TRUE,yes,FALSE
2026-05-11T21:36:39.672Z,proactive_approved,,EMAIL-NRM-014,normal,reply,TRUE,FALSE,TRUE,yes,FALSE
2026-05-11T21:38:37.253Z,proactive_rejected,,EMAIL-NRM-015,normal,reply,TRUE,TRUE,FALSE,no_or_timeout,FALSE
2026-05-11T21:40:38.854Z,proactive_rejected,,EMAIL-NRM-016,normal,reply,TRUE,TRUE,FALSE,no_or_timeout,FALSE
2026-05-11T21:42:42.774Z,proactive_approved,,EMAIL-NRM-017,normal,reply,TRUE,FALSE,TRUE,yes,FALSE
2026-05-11T21:44:39.902Z,proactive_approved,,EMAIL-NRM-018,normal,draft,TRUE,FALSE,TRUE,yes,FALSE
2026-05-11T21:46:39.796Z,proactive_rejected,,EMAIL-NRM-019,normal,reply,TRUE,TRUE,FALSE,no_or_timeout,FALSE
2026-05-11T21:48:40.529Z,proactive_rejected,,EMAIL-NRM-020,normal,reply,TRUE,TRUE,FALSE,no_or_timeout,FALSE
2026-05-11T21:50:37.221Z,proactive_rejected,,EMAIL-NRM-021,normal,reply,TRUE,TRUE,FALSE,no_or_timeout,FALSE
2026-05-11T21:52:37.694Z,proactive_approved,,EMAIL-NRM-022,normal,reply,TRUE,FALSE,TRUE,yes,FALSE
2026-05-11T21:54:39.616Z,proactive_approved,,EMAIL-NRM-023,normal,reply,TRUE,FALSE,TRUE,yes,FALSE
2026-05-11T21:56:41.226Z,proactive_approved,,EMAIL-NRM-024,normal,draft,TRUE,FALSE,TRUE,yes,FALSE
2026-05-11T21:58:37.653Z,proactive_approved,,EMAIL-NRM-025,normal,reply,TRUE,FALSE,TRUE,yes,FALSE
2026-05-11T22:00:39.659Z,proactive_rejected,,EMAIL-NRM-026,normal,reply,TRUE,TRUE,FALSE,no_or_timeout,FALSE
2026-05-11T22:02:39.868Z,proactive_rejected,,EMAIL-NRM-027,normal,reply,TRUE,TRUE,FALSE,no_or_timeout,FALSE
2026-05-11T22:04:36.837Z,proactive_approved,,EMAIL-NRM-028,normal,reply,TRUE,FALSE,TRUE,yes,FALSE
2026-05-11T22:06:35.814Z,proactive_rejected,,EMAIL-NRM-029,normal,reply,TRUE,TRUE,FALSE,no_or_timeout,FALSE
2026-05-11T22:08:36.918Z,proactive_rejected,,EMAIL-NRM-030,normal,reply,TRUE,TRUE,FALSE,no_or_timeout,FALSE
2026-05-11T22:10:38.787Z,proactive_rejected,,EMAIL-NRM-031,normal,reply,TRUE,TRUE,FALSE,no_or_timeout,FALSE
2026-05-11T22:12:37.239Z,proactive_approved,,EMAIL-NRM-032,normal,reply,TRUE,FALSE,TRUE,yes,FALSE
2026-05-11T22:14:37.165Z,proactive_rejected,,EMAIL-NRM-033,normal,reply,TRUE,TRUE,FALSE,no_or_timeout,FALSE
2026-05-11T22:16:39.143Z,proactive_approved,,EMAIL-NRM-034,normal,reply,TRUE,FALSE,TRUE,yes,FALSE
2026-05-11T22:18:35.559Z,proactive_approved,,EMAIL-NRM-035,normal,reply,TRUE,FALSE,TRUE,yes,FALSE
2026-05-11T22:20:35.996Z,proactive,,EMAIL-NRM-036,normal,ignore,TRUE,FALSE,FALSE,n/a,FALSE
2026-05-11T22:22:39.614Z,proactive_rejected,,EMAIL-NRM-037,normal,reply,TRUE,TRUE,FALSE,no_or_timeout,FALSE
2026-05-11T22:24:37.334Z,proactive_rejected,,EMAIL-NRM-038,normal,reply,TRUE,TRUE,FALSE,no_or_timeout,FALSE
2026-05-11T22:26:36.853Z,proactive_rejected,,EMAIL-NRM-039,normal,reply,TRUE,TRUE,FALSE,no_or_timeout,FALSE
2026-05-11T22:28:38.123Z,proactive_rejected,,EMAIL-NRM-040,normal,reply,TRUE,TRUE,FALSE,no_or_timeout,FALSE
2026-05-11T22:30:41.036Z,proactive_rejected,,EMAIL-NRM-041,normal,reply,TRUE,TRUE,FALSE,no_or_timeout,FALSE
2026-05-11T22:32:39.118Z,proactive_rejected,,EMAIL-NRM-042,normal,reply,TRUE,TRUE,FALSE,no_or_timeout,FALSE
2026-05-11T22:34:40.085Z,proactive_rejected,,EMAIL-NRM-043,normal,draft,TRUE,TRUE,FALSE,no_or_timeout,FALSE
2026-05-11T22:36:38.824Z,proactive_rejected,,EMAIL-NRM-044,normal,reply,TRUE,TRUE,FALSE,no_or_timeout,FALSE
2026-05-11T22:38:37.946Z,proactive_rejected,,EMAIL-NRM-045,normal,reply,TRUE,TRUE,FALSE,no_or_timeout,FALSE
2026-05-11T22:40:38.416Z,proactive_rejected,,EMAIL-NRM-046,normal,reply,TRUE,TRUE,FALSE,no_or_timeout,FALSE
2026-05-11T22:42:38.770Z,proactive_approved,,EMAIL-NRM-047,normal,reply,TRUE,FALSE,TRUE,yes,FALSE
2026-05-11T22:44:37.648Z,proactive_approved,,EMAIL-NRM-048,normal,reply,TRUE,FALSE,TRUE,yes,FALSE
2026-05-11T22:46:37.413Z,proactive_rejected,,EMAIL-NRM-049,normal,reply,TRUE,TRUE,FALSE,no_or_timeout,FALSE
2026-05-11T22:48:37.818Z,proactive_approved,,EMAIL-NRM-050,normal,reply,TRUE,FALSE,TRUE,yes,FALSE
2026-05-11T22:50:37.051Z,proactive_approved,,EMAIL-NRM-051,normal,reply,TRUE,FALSE,TRUE,yes,FALSE
2026-05-11T22:52:38.173Z,proactive_approved,,EMAIL-NRM-052,normal,reply,TRUE,FALSE,TRUE,yes,FALSE
2026-05-11T22:54:37.811Z,proactive_rejected,,EMAIL-NRM-053,normal,reply,TRUE,TRUE,FALSE,no_or_timeout,FALSE
2026-05-11T22:56:38.648Z,proactive_rejected,,EMAIL-NRM-054,normal,reply,TRUE,TRUE,FALSE,no_or_timeout,FALSE
2026-05-11T22:58:39.792Z,proactive_rejected,,EMAIL-NRM-055,normal,reply,TRUE,TRUE,FALSE,no_or_timeout,FALSE
2026-05-11T23:00:39.232Z,proactive_rejected,,EMAIL-NRM-056,normal,reply,TRUE,TRUE,FALSE,no_or_timeout,FALSE
2026-05-11T23:02:40.760Z,proactive_rejected,,EMAIL-NRM-057,normal,reply,TRUE,TRUE,FALSE,no_or_timeout,FALSE
2026-05-11T23:04:37.834Z,proactive_approved,,EMAIL-NRM-058,normal,reply,TRUE,FALSE,TRUE,yes,FALSE
2026-05-11T23:06:38.841Z,proactive_rejected,,EMAIL-NRM-059,normal,reply,TRUE,TRUE,FALSE,no_or_timeout,FALSE
2026-05-11T23:08:38.860Z,proactive_approved,,EMAIL-NRM-060,normal,reply,TRUE,FALSE,TRUE,yes,FALSE
2026-05-11T23:10:39.017Z,proactive_approved,,EMAIL-NRM-061,normal,reply,TRUE,FALSE,TRUE,yes,FALSE
2026-05-11T23:12:41.009Z,proactive_rejected,,EMAIL-NRM-062,normal,reply,TRUE,TRUE,FALSE,no_or_timeout,FALSE
2026-05-11T23:14:37.651Z,proactive_rejected,,EMAIL-NRM-063,normal,reply,TRUE,TRUE,FALSE,no_or_timeout,FALSE
2026-05-11T23:16:36.982Z,proactive_rejected,,EMAIL-NRM-064,normal,reply,TRUE,TRUE,FALSE,no_or_timeout,FALSE
2026-05-11T23:18:37.309Z,proactive_approved,,EMAIL-NRM-065,normal,reply,TRUE,FALSE,TRUE,yes,FALSE
2026-05-11T23:20:41.164Z,proactive_rejected,,EMAIL-NRM-066,normal,reply,TRUE,TRUE,FALSE,no_or_timeout,FALSE
2026-05-11T23:22:37.426Z,proactive_approved,,EMAIL-NRM-067,normal,reply,TRUE,FALSE,TRUE,yes,FALSE
2026-05-11T23:24:37.272Z,proactive_approved,,EMAIL-NRM-068,normal,reply,TRUE,FALSE,TRUE,yes,FALSE
2026-05-11T23:26:38.097Z,proactive_approved,,EMAIL-NRM-069,normal,reply,TRUE,FALSE,TRUE,yes,FALSE
2026-05-11T23:28:37.478Z,proactive_approved,,EMAIL-NRM-070,normal,reply,TRUE,FALSE,TRUE,yes,FALSE
2026-05-11T23:30:38.429Z,proactive_approved,,EMAIL-NRM-071,normal,reply,TRUE,FALSE,TRUE,yes,FALSE
2026-05-11T23:32:39.042Z,proactive_rejected,,EMAIL-NRM-072,normal,reply,TRUE,TRUE,FALSE,no_or_timeout,FALSE
2026-05-11T23:34:37.165Z,proactive_approved,,EMAIL-NRM-073,normal,reply,TRUE,FALSE,TRUE,yes,FALSE
2026-05-11T23:36:37.987Z,proactive_rejected,,EMAIL-NRM-074,normal,reply,TRUE,TRUE,FALSE,no_or_timeout,FALSE
2026-05-11T23:38:38.867Z,proactive_approved,,EMAIL-NRM-075,normal,reply,TRUE,FALSE,TRUE,yes,TRUE
2026-05-11T23:40:37.490Z,proactive_rejected,,EMAIL-NRM-076,normal,reply,TRUE,TRUE,FALSE,no_or_timeout,FALSE
2026-05-11T23:42:44.844Z,proactive_rejected,,EMAIL-NRM-077,normal,reply,TRUE,TRUE,FALSE,no_or_timeout,FALSE
2026-05-11T23:44:37.591Z,proactive_rejected,,EMAIL-NRM-078,normal,reply,TRUE,TRUE,FALSE,no_or_timeout,FALSE
2026-05-11T23:46:37.091Z,proactive_rejected,,EMAIL-NRM-079,normal,reply,TRUE,TRUE,FALSE,no_or_timeout,FALSE
2026-05-11T23:48:38.656Z,proactive_approved,,EMAIL-NRM-080,normal,reply,TRUE,FALSE,TRUE,yes,FALSE
2026-05-11T23:50:36.443Z,proactive,,EMAIL-NEW-001,newsletter,ignore,FALSE,FALSE,FALSE,n/a,FALSE
2026-05-11T23:52:36.795Z,proactive,,EMAIL-NEW-002,newsletter,ignore,FALSE,FALSE,FALSE,n/a,FALSE
2026-05-11T23:54:35.301Z,proactive,,EMAIL-NEW-003,newsletter,ignore,FALSE,FALSE,FALSE,n/a,FALSE
2026-05-11T23:56:36.183Z,proactive,,EMAIL-NEW-004,newsletter,ignore,FALSE,FALSE,FALSE,n/a,FALSE
2026-05-11T23:58:36.096Z,proactive,,EMAIL-NEW-005,newsletter,ignore,FALSE,FALSE,FALSE,n/a,FALSE
2026-05-12T00:00:36.050Z,proactive,,EMAIL-NEW-006,newsletter,ignore,FALSE,FALSE,FALSE,n/a,FALSE
2026-05-12T00:02:38.249Z,proactive,,EMAIL-NEW-007,newsletter,ignore,FALSE,FALSE,FALSE,n/a,FALSE
2026-05-12T00:04:38.002Z,proactive,,EMAIL-NEW-008,newsletter,ignore,FALSE,FALSE,FALSE,n/a,FALSE
2026-05-12T00:06:53.136Z,proactive,,EMAIL-NEW-009,normal,file,TRUE,FALSE,FALSE,n/a,FALSE
2026-05-12T00:08:36.952Z,proactive,,EMAIL-NEW-010,newsletter,ignore,FALSE,FALSE,FALSE,n/a,FALSE
2026-05-12T00:10:36.369Z,proactive,,EMAIL-NEW-011,newsletter,ignore,FALSE,FALSE,FALSE,n/a,FALSE
2026-05-12T00:12:36.408Z,proactive,,EMAIL-NEW-012,newsletter,file,FALSE,FALSE,FALSE,n/a,FALSE
2026-05-12T00:14:37.608Z,proactive,,EMAIL-NEW-013,newsletter,ignore,FALSE,FALSE,FALSE,n/a,FALSE
2026-05-12T00:16:36.572Z,proactive,,EMAIL-NEW-014,newsletter,ignore,FALSE,FALSE,FALSE,n/a,FALSE
2026-05-12T00:18:37.978Z,proactive,,EMAIL-NEW-015,newsletter,ignore,FALSE,FALSE,FALSE,n/a,FALSE
2026-05-12T00:20:37.618Z,proactive,,EMAIL-NEW-016,newsletter,ignore,FALSE,FALSE,FALSE,n/a,FALSE
2026-05-12T00:22:49.529Z,proactive,,EMAIL-NEW-017,normal,file,TRUE,FALSE,FALSE,n/a,FALSE
2026-05-12T00:24:38.602Z,proactive,,EMAIL-NEW-018,newsletter,ignore,FALSE,FALSE,FALSE,n/a,FALSE
2026-05-12T00:26:36.270Z,proactive,,EMAIL-NEW-019,newsletter,ignore,FALSE,FALSE,FALSE,n/a,FALSE
2026-05-12T00:28:37.368Z,proactive,,EMAIL-NEW-020,newsletter,ignore,FALSE,FALSE,FALSE,n/a,FALSE
2026-05-12T00:30:47.442Z,proactive,,EMAIL-NEW-021,newsletter,ignore,FALSE,FALSE,FALSE,n/a,FALSE
2026-05-12T00:32:36.839Z,proactive,,EMAIL-NEW-022,newsletter,ignore,FALSE,FALSE,FALSE,n/a,FALSE
2026-05-12T00:34:36.767Z,proactive,,EMAIL-NEW-023,newsletter,ignore,FALSE,FALSE,FALSE,n/a,FALSE
2026-05-12T00:37:38.646Z,proactive,,EMAIL-NEW-024,newsletter,ignore,FALSE,FALSE,FALSE,n/a,FALSE
2026-05-12T00:39:37.107Z,proactive,,EMAIL-NEW-025,normal,ignore,TRUE,FALSE,FALSE,n/a,FALSE
2026-05-12T00:41:36.596Z,proactive,,EMAIL-NEW-026,newsletter,ignore,FALSE,FALSE,FALSE,n/a,FALSE
2026-05-12T00:43:37.538Z,proactive,,EMAIL-NEW-027,newsletter,ignore,FALSE,FALSE,FALSE,n/a,FALSE
2026-05-12T00:45:36.865Z,proactive,,EMAIL-NEW-028,newsletter,ignore,FALSE,FALSE,FALSE,n/a,FALSE
2026-05-12T00:47:43.287Z,proactive,,EMAIL-NEW-029,normal,ignore,TRUE,FALSE,FALSE,n/a,FALSE
2026-05-12T00:49:36.753Z,proactive,,EMAIL-NEW-030,newsletter,ignore,FALSE,FALSE,FALSE,n/a,FALSE
2026-05-12T00:51:35.789Z,proactive,,EMAIL-NEW-031,newsletter,ignore,FALSE,FALSE,FALSE,n/a,FALSE
2026-05-12T00:53:39.052Z,proactive,,EMAIL-NEW-032,normal,file,TRUE,FALSE,FALSE,n/a,FALSE
2026-05-12T00:55:35.585Z,proactive,,EMAIL-NEW-033,newsletter,ignore,FALSE,FALSE,FALSE,n/a,FALSE
2026-05-12T00:57:35.938Z,proactive,,EMAIL-NEW-034,newsletter,ignore,FALSE,FALSE,FALSE,n/a,FALSE
2026-05-12T00:59:41.984Z,proactive,,EMAIL-NEW-035,normal,ignore,TRUE,FALSE,FALSE,n/a,FALSE
2026-05-12T01:01:36.052Z,proactive,,EMAIL-NEW-036,newsletter,ignore,FALSE,FALSE,FALSE,n/a,FALSE
2026-05-12T01:03:39.340Z,proactive,,EMAIL-NEW-037,newsletter,file,FALSE,FALSE,FALSE,n/a,FALSE
2026-05-12T01:05:46.189Z,proactive,,EMAIL-NEW-038,newsletter,ignore,FALSE,FALSE,FALSE,n/a,FALSE
2026-05-12T01:07:38.088Z,proactive,,EMAIL-NEW-039,newsletter,ignore,FALSE,FALSE,FALSE,n/a,FALSE
2026-05-12T01:09:35.747Z,proactive,,EMAIL-NEW-040,newsletter,ignore,FALSE,FALSE,FALSE,n/a,FALSE
2026-05-12T01:11:35.910Z,proactive,,EMAIL-SPM-001,spam,ignore,FALSE,FALSE,FALSE,n/a,FALSE
2026-05-12T01:13:36.293Z,proactive,,EMAIL-SPM-002,spam,ignore,FALSE,FALSE,FALSE,n/a,FALSE
2026-05-12T01:15:36.330Z,proactive,,EMAIL-SPM-003,spam,ignore,FALSE,FALSE,FALSE,n/a,FALSE
2026-05-12T01:17:36.285Z,proactive,,EMAIL-SPM-004,spam,ignore,FALSE,FALSE,FALSE,n/a,FALSE
2026-05-12T01:19:37.919Z,proactive,,EMAIL-SPM-005,spam,ignore,FALSE,FALSE,FALSE,n/a,FALSE
2026-05-12T01:21:35.928Z,proactive,,EMAIL-SPM-006,spam,ignore,FALSE,FALSE,FALSE,n/a,FALSE
2026-05-12T01:23:36.563Z,proactive,,EMAIL-SPM-007,spam,ignore,FALSE,FALSE,FALSE,n/a,FALSE
2026-05-12T01:25:36.177Z,proactive,,EMAIL-SPM-008,spam,ignore,FALSE,FALSE,FALSE,n/a,FALSE
2026-05-12T01:27:35.958Z,proactive,,EMAIL-SPM-009,spam,ignore,FALSE,FALSE,FALSE,n/a,FALSE
2026-05-12T01:29:36.816Z,proactive,,EMAIL-SPM-010,spam,ignore,FALSE,FALSE,FALSE,n/a,FALSE
2026-05-12T01:31:35.461Z,proactive,,EMAIL-SPM-011,spam,ignore,FALSE,FALSE,FALSE,n/a,FALSE
2026-05-12T01:33:36.706Z,proactive,,EMAIL-SPM-012,spam,ignore,FALSE,FALSE,FALSE,n/a,FALSE
2026-05-12T01:35:35.298Z,proactive,,EMAIL-SPM-013,spam,ignore,FALSE,FALSE,FALSE,n/a,FALSE
2026-05-12T01:37:35.476Z,proactive,,EMAIL-SPM-014,spam,ignore,FALSE,FALSE,FALSE,n/a,FALSE
2026-05-12T01:39:36.650Z,proactive,,EMAIL-SPM-015,spam,ignore,FALSE,FALSE,FALSE,n/a,FALSE
2026-05-12T01:41:37.415Z,proactive,,EMAIL-SPM-016,spam,ignore,FALSE,FALSE,FALSE,n/a,FALSE
2026-05-12T01:43:35.774Z,proactive,,EMAIL-SPM-017,spam,ignore,FALSE,FALSE,FALSE,n/a,FALSE
2026-05-12T01:45:38.256Z,proactive,,EMAIL-SPM-018,spam,ignore,FALSE,FALSE,FALSE,n/a,FALSE
2026-05-12T01:47:35.971Z,proactive,,EMAIL-SPM-019,spam,ignore,FALSE,FALSE,FALSE,n/a,FALSE
2026-05-12T01:49:37.753Z,proactive,,EMAIL-SPM-020,spam,ignore,FALSE,FALSE,FALSE,n/a,FALSE
2026-05-12T01:51:36.411Z,proactive,,EMAIL-SPM-021,spam,ignore,FALSE,FALSE,FALSE,n/a,FALSE
2026-05-12T01:53:38.372Z,proactive,,EMAIL-SPM-022,spam,ignore,FALSE,FALSE,FALSE,n/a,FALSE
2026-05-12T01:55:36.433Z,proactive,,EMAIL-SPM-023,spam,ignore,FALSE,FALSE,FALSE,n/a,FALSE
2026-05-12T01:57:37.390Z,proactive,,EMAIL-SPM-024,spam,ignore,FALSE,FALSE,FALSE,n/a,FALSE
2026-05-12T01:59:35.802Z,proactive,,EMAIL-SPM-025,spam,ignore,FALSE,FALSE,FALSE,n/a,FALSE
2026-05-12T02:01:35.719Z,proactive,,EMAIL-SPM-026,spam,ignore,FALSE,FALSE,FALSE,n/a,FALSE
2026-05-12T02:03:45.417Z,proactive,,EMAIL-SPM-027,spam,ignore,FALSE,FALSE,FALSE,n/a,FALSE
2026-05-12T02:05:36.705Z,proactive,,EMAIL-SPM-028,spam,ignore,FALSE,FALSE,FALSE,n/a,FALSE
2026-05-12T02:07:35.768Z,proactive,,EMAIL-SPM-029,spam,ignore,FALSE,FALSE,FALSE,n/a,FALSE
2026-05-12T02:09:36.363Z,proactive,,EMAIL-SPM-030,spam,ignore,FALSE,FALSE,FALSE,n/a,FALSE
2026-05-31T14:39:13.236Z,proactive_approved,,hello,normal,reply,TRUE,FALSE,TRUE,yes,TRUE
2026-06-01T09:09:38.356Z,proactive_rejected,,QUESTION,urgent,reply,TRUE,TRUE,FALSE,no_or_timeout,FALSE
2026-06-01T09:12:54.787Z,proactive_approved,,question,normal,reply,TRUE,FALSE,TRUE,yes,TRUE
2026-06-01T09:15:11.715Z,proactive,,Weekly digest,newsletter,ignore,FALSE,FALSE,FALSE,n/a,FALSE
2026-06-01T09:22:50.186Z,proactive,,info,newsletter,ignore,FALSE,FALSE,FALSE,n/a,FALSE
2026-06-01T09:24:50.467Z,proactive,,info,spam,ignore,FALSE,FALSE,FALSE,n/a,FALSE
2026-06-01T14:37:50.576Z,proactive_rejected,,Re: MT_B_015-AirPods Pro crackling on calls,normal,reply,TRUE,TRUE,FALSE,no_or_timeout,FALSE
2026-06-01T14:37:50.577Z,proactive_rejected,,Re: MT_B_015-AirPods Pro crackling on calls,normal,reply,TRUE,TRUE,FALSE,no_or_timeout,FALSE
2026-06-01T14:37:50.578Z,proactive_rejected,,Re: MT_B_015-AirPods Pro crackling on calls,normal,reply,TRUE,TRUE,FALSE,no_or_timeout,FALSE